name,degree,address,tel
SK에너지 퇴계로주유소,,서울 중구 퇴계로 228,02-2273-5189
필동주유소,,서울 중구 퇴계로 196,02-2267-8025
장충드림주유소,,서울 중구 동호로 296,02-2275-5150
장충주유소,,서울 중구 장충단로 202,02-2279-9965
HD현대오일뱅크직영 장원주유소,,서울 중구 동호로 203,02-2236-2759
약수주유소,,서울 중구 다산로 173,02-2252-3345
다산주유소,,서울 중구 다산로 233,02-2252-2210
신당동주유소,,서울 중구 다산로 242,02-2252-6688
HD현대오일뱅크직영 재동주유소,,서울 종로구 율곡로 58,02-732-3968
경복궁주유소,,서울 종로구 율곡로 6,02-6016-6981
파츠오일뱅크 (직영 한남동주유소),,서울 용산구 한남대로 204,02-795-0802
현대오일뱅크 직영 소월길주유소,,서울 용산구 소월로 66,02-318-3314
서남주유소,,서울 중구 통일로 30,02-752-9475
세화주유소,,서울 중구 왕십리로 403,02-2234-3451
중앙에너비스 혜화지점,,서울 종로구 창경궁로35길 1,070-8707-4564
동자동주유소,,서울 용산구 한강대로104길 6,02-754-6667
청계로주유소,,서울 성동구 청계천로 454,02-2294-4225
이케이에너지 강산주유소,,서울 성북구 보문로 27,02-953-1448
삼선주유소,,서울 성북구 창경궁로 324,02-766-5105
옥수하이웨이스테이션,,서울 성동구 독서당로 168,02-2282-5151
서계주유소,,서울 용산구 청파로 367,02-706-6485
HD현대오일뱅크직영 갈월동주유소,,서울 용산구 한강대로 322,02-754-5217
동일주유소,,서울 성북구 보문로 85,02-923-8484
대양씨앤씨 사직주유소,,서울 종로구 사직로 65,02-735-4858
금호주유소,,서울 성동구 금호로 39,02-2297-0066
중앙에너비스 에너비스 (ENERVIS),,서울 용산구 한남대로 82,070-8707-4572
성북주유소,,서울 성북구 보문로 142,02-928-4900
중앙에너비스 한남지점 (ENERVIS HANNAM),,서울 용산구 한남대로21길 4,070-8707-4586
아이콘주유소,,서울 성동구 고산자로 273,02-2291-5189
정호주유소,,서울 성동구 고산자로 307,02-2297-9442
대성산업 동마장주유소,,서울 동대문구 고산자로 405,02-966-5451
신방주유소,,서울 성북구 안암로 111,02-922-5151
에쓰오일 마포주유소,,서울 마포구 마포대로 186,02-711-5189
HD현대오일뱅크직영 성동셀프주유소,,서울 성동구 마장로 311,02-2299-7333
HD현대오일뱅크직영 아리랑주유소,,서울 성북구 아리랑로 96,02-941-5189
풍기주유소,,서울 용산구 원효로 178,02-719-2202
풍한주유소,,서울 동대문구 안암로 168,02-924-5189
SK KH에너지 성수만세주유소,,서울 성동구 왕십리로 109,02-499-8223
남경주유소,,서울 용산구 녹사평대로11길 24,02-793-2954
HD현대오일뱅크 직영고대셀프주유소,,서울 성북구 종암로 12,02-912-5151
자하문주유소,,서울 종로구 자하문로 248,02-396-5252
신태성주유소,,서울 용산구 원효로 147,02-701-9447
GS칼텍스 홍제동주유소,,서울 서대문구 통일로 372,02-736-3708
HD현대오일뱅크 직영북악셀프주유소,,서울 성북구 정릉로 218,02-911-5189
홍능주유소,,서울 동대문구 홍릉로 87,02-966-9190
HD현대오일뱅크직영 독립문주유소,,서울 서대문구 통일로 384,02-735-0333
SK세원2주유소,,서울 성동구 광나루로 184,02-462-5665
중앙에너비스 종암지점,,서울 성북구 종암로 58,070-8707-4565
새서울석유 새서울주유소,,서울 강남구 압구정로 154,02-543-1154
SK에너지양지주유소,,서울 마포구 마포대로 69,02-706-8955
행촌제2주유소,,서울 서대문구 성산로 490,02-365-5189
삼표에너지 정릉주유소,,서울 성북구 보국문로 35,02-914-6556
양지진흥개발,0.0,서울 용산구 한강대로21나길 40,02-710-7735
배봉로주유소,,서울 동대문구 서울시립대로 108,02-2242-0556
에쓰오일 염리동주유소,,서울 마포구 백범로 126,02-3272-5155
HD현대오일뱅크직영 한양주유소,,서울 강남구 압구정로 302,02-3444-0804
서울에너지 직영주유소,,서울 성동구 천호대로 324,02-3390-4338
이케이에너지 강산제2주유소,,서울 성북구 보국문로 52,02-942-1448
안풍주유소,,서울 종로구 자하문로 303,02-396-5151
GS칼텍스 종암주유소,,서울 성북구 종암로 145,02-921-7785
재정제2주유소,,서울 동대문구 사가정로 90,02-2249-6682
구도일주유소 특종,,서울 종로구 평창문화로 90,02-379-6524
대동석유 압구정주유소,,서울 강남구 언주로 842,02-545-6161
SK에너지 성수주유소,,서울 성동구 뚝섬로 352,02-467-7240
대교주유소,,서울 강남구 강남대로 640,02-512-5521
만성상사 대흥주유소,,서울 마포구 대흥로 61,02-3273-5151
재정주유소,,서울 동대문구 전농로 121,070-8256-4617
SK북악주유소,,서울 종로구 평창문화로 137,02-395-6500
지에스이앤알 평창주유소,,서울 종로구 평창문화로 135,02-391-5185
미아 주유소,0.0,서울 성북구 화랑로 27,
한석주유소,,서울 용산구 이촌로 164,02-790-1020
명연에너지 효성주유소,,서울 성북구 화랑로 27,02-942-5150
창원이엔지 홍제지점,,서울 서대문구 통일로 455,02-379-0753
현대오일뱅크직영 연세주유소,,서울 서대문구 연희로 184,02-337-8220
HD현대오일뱅크직영 신사현대주유소,,서울 강남구 도산대로 163,02-546-2182
우남에너지 문화사랑주유소,,서울 서대문구 세검정로 87,02-395-4300
동일주유소,,서울 성동구 광나루로 254,02-461-7100
HD현대오일뱅크직영 강변현대주유소,,서울 용산구 원효로 9,02-712-7124
GS칼텍스 남서울주유소,,서울 서초구 나루터로 83,02-542-1517
재정제2주유소 길음지점,,서울 성북구 삼양로 78,02-980-1311
용강주유소,,서울 마포구 토정로 258,070-7795-4800
SK논현주유소,,서울 강남구 논현로 747,02-511-0955
광호주유소,,서울 서대문구 연희로 266,02-395-7236
성동스카이셀프주유소,,서울 성동구 천호대로 392,02-2245-8974
GS칼텍스 세창주유소,,서울 성북구 동소문로 323,02-988-2491
연희주유소,,서울 서대문구 연희로 129,02-338-8045
오동나무주유소,,서울 동대문구 한천로 81,02-2247-5132
에스에스오토주유소,,서울 마포구 서강로 76,02-336-5185
한영주유소,,서울 동대문구 망우로 38,02-2214-9890
안국에너지 삼보셀프주유소,,서울 서대문구 연희로 78,02-336-6151
신동방주유소,,서울 성북구 월계로 84,02-918-5151
강남주유소,,서울 서초구 반포대로 284,02-594-5987
열린주유소,,서울 동대문구 한천로 263,02-2215-6543
S-OIL 휘경동,0.0,서울 동대문구 한천로 263,02-2215-6543
미래아스팔트 신우주유소,,서울 서대문구 가좌로 106,02-304-5522
장수주유소,,서울 광진구 동일로 266,02-498-1981
동하석유힐탑주유소,,서울 강남구 논현로 640,02-544-4075
신용 구도일주유소 화랑로주유소,,서울 성북구 화랑로 174,02-963-0051
가재울뉴타운주유소,,서울 서대문구 모래내로 205,070-8879-7864
GS칼텍스 화랑주유소,,서울 성북구 화랑로 185,02-942-5152
지에스이앤알 미아주유소,,서울 강북구 도봉로 122,02-987-5152
SK에너지 매일주유소,,서울 강북구 삼양로 217,02-982-8855
HD현대오일뱅크 흑석동주유소,,서울 동작구 현충로 101,02-815-0724
반포그린주유소,,서울 서초구 서초중앙로 239,02-532-5147
태양주유소,3.3,서울 광진구 동일로 345,02-464-5141
삼미상사 서부주유소,,서울 서대문구 성산로 255,02-334-4919
SK에너지 드림랜드주유소,,서울 성북구 월계로 128,02-916-9906
에너지플러스허브 삼방주유소,,서울 서초구 사평대로 364,02-536-5145
HD현대오일뱅크직영 사평로주유소,,서울 서초구 사평대로 350,02-3481-2513
HD현대오일뱅크직영 팔레스주유소,,서울 서초구 사평대로 136,02-720-0020
HD현대오일뱅크직영 중원셀프주유소,,서울 광진구 동일로 398,02-467-2410
대성산업 대성주유소,,서울 은평구 통일로 642,02-355-3434
정해네트웍스 일진주유소,,서울 광진구 동일로 413,02-461-5152
마포시엠주유소,,서울 마포구 월드컵북로 62,02-338-9447
경동주유소,,서울 동대문구 이문로 191,02-965-6006
HD현대오일뱅크직영 중곡현대주유소,,서울 광진구 동일로 435,02-497-5151
동서울고속주유소,,서울 동대문구 한천로 414,02-969-1144
신반포주유소,,서울 서초구 사평대로 94,02-533-5151
만정에너지 삼보주유소,,서울 강남구 봉은사로 433,02-518-5141
태영 구도일주유소한인,,서울 중랑구 망우로 170,02-438-5151
SJ오일 여의도주유소,,서울 영등포구 은행로 64,02-785-8201
씨앤에스유통 미아셀프주유소,,서울 강북구 도봉로 200,02-945-7999
오천만주유소,,서울 중랑구 동일로 547,070-7797-7474
청원주유소,,서울 마포구 월드컵북로 113,02-325-5533
원천주유소,,서울 성북구 돌곶이로 142,070-4063-1057
유니스에너지 자양주유소,,서울 광진구 아차산로 298,02-457-7600
HD현대오일뱅크직영 능동주유소,,서울 광진구 천호대로 584,02-452-7723
GS칼텍스 삼성로주유소,,서울 강남구 삼성로 563,02-538-5138
에너지플러스허브 GS타워주유소,,서울 강남구 논현로 516,02-539-5145
창원CW,,서울 광진구 광나루로 460,02-3436-1112
대원주유소,,서울 중랑구 동일로 600,02-438-6111
응암주유소,,서울 은평구 응암로 163,02-303-1448
GS칼텍스 서부주유소,,서울 은평구 응암로 210,02-302-6041
면목주유소,,서울 중랑구 동일로 627,02-437-4072
SK에너지 안국주유소,,서울 마포구 양화로 33,02-3144-1197
