name,degree,address,tel
코끼리주유소,,서울 은평구 서오릉로 41,02-384-4000
대성산업 대성주유소,,서울 은평구 통일로 642,02-355-3434
오일닷컴 다회주유소,,서울 은평구 증산로 441,02-375-5156
GS칼텍스 신사제일주유소,,서울 은평구 증산로 423,02-308-4333
GS칼텍스 서부주유소,,서울 은평구 응암로 210,02-302-6041
우남에너지 문화사랑주유소,,서울 서대문구 세검정로 87,02-395-4300
창원이엔지 홍제지점,,서울 서대문구 통일로 455,02-379-0753
응암주유소,,서울 은평구 응암로 163,02-303-1448
불광주유소,,서울 은평구 연서로 314,02-382-5149
미래아스팔트 신우주유소,,서울 서대문구 가좌로 106,02-304-5522
광호주유소,,서울 서대문구 연희로 266,02-395-7236
은평뉴타운주유소,,서울 은평구 통일로 924,02-355-0349
안풍주유소,,서울 종로구 자하문로 303,02-396-5151
HD현대오일뱅크직영 독립문주유소,,서울 서대문구 통일로 384,02-735-0333
GS칼텍스 홍제동주유소,,서울 서대문구 통일로 372,02-736-3708
박석고개주유소,,서울 은평구 통일로 945,02-388-0477
남정주유소,,서울 서대문구 모래내로 243,02-305-9828
성원E&S 은평지점,,서울 은평구 통일로 968,02-352-4451
자하문주유소,,서울 종로구 자하문로 248,02-396-5252
현대오일뱅크직영 연세주유소,,서울 서대문구 연희로 184,02-337-8220
가재울뉴타운주유소,,서울 서대문구 모래내로 205,070-8879-7864
타이거주유소,,서울 은평구 수색로 188,02-309-9145
명연에너지 수색훼미리주유소,,서울 은평구 수색로 236,02-374-8770
뉴타운셀프주유소,,서울 은평구 통일로 1031,02-355-3055
연희주유소,,서울 서대문구 연희로 129,02-338-8045
구도일주유소 특종,,서울 종로구 평창문화로 90,02-379-6524
삼미상사 서부주유소,,서울 서대문구 성산로 255,02-334-4919
GS칼텍스 수색뉴타운주유소,,서울 은평구 수색로 350,02-309-5051
한화미 구도일주유소 두꺼비,,서울 서대문구 성산로 312,02-336-0611
지에스이앤알 평창주유소,,서울 종로구 평창문화로 135,02-391-5185
SK북악주유소,,서울 종로구 평창문화로 137,02-395-6500
안국에너지 삼보셀프주유소,,서울 서대문구 연희로 78,02-336-6151
타이거통상 월드컵주유소,,서울 마포구 월드컵북로 170,070-4121-0021
대양씨앤씨 사직주유소,,서울 종로구 사직로 65,02-735-4858
청원주유소,,서울 마포구 월드컵북로 113,02-325-5533
성산대교주유소,,서울 마포구 성산로 144,02-323-0078
행촌제2주유소,,서울 서대문구 성산로 490,02-365-5189
중앙에너비스 동교지점 (ENERVIS DONGGYO),,서울 서대문구 연희로 12,070-8707-4568
디오티디 은평유니콘주유소,,서울 은평구 통일로 1151,02-356-9051
삼표에너지 동해주유소,,경기 고양시 덕양구 중앙로 110,02-3159-9774
자연에너지 산유주유소,,경기 고양시 덕양구 중앙로 107,02-3158-3308
중앙로주유소,,경기 고양시 덕양구 중앙로 113,02-3158-2228
마포시엠주유소,,서울 마포구 월드컵북로 62,02-338-9447
GS칼텍스 제2자유로주유소,,경기 고양시 덕양구 제2자유로 154,02-3159-7707
항공대주유소,,경기 고양시 덕양구 중앙로 171,02-3158-0900
헨지스에너지 세이버주유소,,경기 고양시 덕양구 화랑로 124,02-3158-0014
안국에너지 망원동주유소,,서울 마포구 월드컵로 119,02-334-0917
처음주유소,,경기 고양시 덕양구 중앙로 209,02-305-3800
경복궁주유소,,서울 종로구 율곡로 6,02-6016-6981
삼송 뉴시티주유소,,경기 고양시 덕양구 고양대로 1960,02-359-5145
라인에너지 고양,,경기 고양시 덕양구 고양대로 1926,02-358-3688
창릉주유소,,경기 고양시 덕양구 고양대로 1900,031-356-7789
HD현대오일뱅크직영 재동주유소,,서울 종로구 율곡로 58,02-732-3968
에스에스오토주유소,,서울 마포구 서강로 76,02-336-5185
SK에너지 안국주유소,,서울 마포구 양화로 33,02-3144-1197
GS이앤알 효자로주유소,,경기 고양시 덕양구 일영로 127,02-381-1371
서남주유소,,서울 중구 통일로 30,02-752-9475
에쓰오일 마포주유소,,서울 마포구 마포대로 186,02-711-5189
강매셀프주유소,,경기 고양시 덕양구 중앙로 316,031-972-1555
만성상사 대흥주유소,,서울 마포구 대흥로 61,02-3273-5151
에쓰오일 염리동주유소,,서울 마포구 백범로 126,02-3272-5155
서오능셀프주유소,,경기 고양시 덕양구 권율대로 450-1,031-966-1632
삼송서진주유소,,경기 고양시 덕양구 통일로 226,02-381-5156
서계주유소,,서울 용산구 청파로 367,02-706-6485
중앙에너비스 혜화지점,,서울 종로구 창경궁로35길 1,070-8707-4564
GS칼텍스 상암주유소,,경기 고양시 덕양구 자유로 38,02-3158-0030
용강주유소,,서울 마포구 토정로 258,070-7795-4800
중흥에너지 한양주유소,,경기 고양시 덕양구 권율대로 593,031-903-2222
현대오일뱅크 직영 소월길주유소,,서울 용산구 소월로 66,02-318-3314
원흥주유소 원흥동지점,,경기 고양시 덕양구 서오릉로 712,031-963-5189
삼선주유소,,서울 성북구 창경궁로 324,02-766-5105
SK에너지양지주유소,,서울 마포구 마포대로 69,02-706-8955
동자동주유소,,서울 용산구 한강대로104길 6,02-754-6667
제1자유로주유소,,경기 고양시 덕양구 자유로 94,02-3158-0707
행신주유소,,경기 고양시 덕양구 중앙로 394,031-973-2200
